faixa,subintervalo,consulta,disponiveis,obtidos,buscado_em
1000..2000,1000..1015,stars:1000..1015 fork:false archived:false,763,763,2026-10-07
1000..2000,1016..1031,stars:1016..1031 fork:false archived:false,778,778,2026-10-07
1000..2000,1032..1047,stars:1032..1047 fork:false archived:false,807,807,2026-10-07
1000..2000,1048..1062,stars:1048..1062 fork:false archived:false,754,754,2026-10-07
1000..2000,1063..1078,stars:1063..1078 fork:false archived:false,731,732,2026-10-07
1000..2000,1079..1094,stars:1079..1094 fork:false archived:false,737,737,2026-10-07
1000..2000,1095..1110,stars:1095..1110 fork:false archived:false,660,659,2026-10-07
1000..2000,1111..1125,stars:1111..1125 fork:false archived:false,641,641,2026-10-07
1000..2000,1126..1141,stars:1126..1141 fork:false archived:false,701,701,2026-10-07
1000..2000,1142..1157,stars:1142..1157 fork:false archived:false,639,639,2026-10-07
1000..2000,1158..1173,stars:1158..1173 fork:false archived:false,656,656,2026-10-07
1000..2000,1174..1188,stars:1174..1188 fork:false archived:false,599,599,2026-10-07
1000..2000,1189..1204,stars:1189..1204 fork:false archived:false,652,652,2026-10-07
1000..2000,1205..1219,stars:1205..1219 fork:false archived:false,553,553,2026-10-07
1000..2000,1220..1235,stars:1220..1235 fork:false archived:false,598,598,2026-10-07
1000..2000,1236..1250,stars:1236..1250 fork:false archived:false,530,530,2026-10-07
1000..2000,1251..1266,stars:1251..1266 fork:false archived:false,566,566,2026-10-07
1000..2000,1267..1282,stars:1267..1282 fork:false archived:false,576,576,2026-10-07
1000..2000,1283..1313,stars:1283..1313 fork:false archived:false,994,994,2026-10-07
1000..2000,1314..1329,stars:1314..1329 fork:false archived:false,575,575,2026-10-07
1000..2000,1330..1344,stars:1330..1344 fork:false archived:false,497,497,2026-10-07
1000..2000,1345..1360,stars:1345..1360 fork:false archived:false,504,504,2026-10-07
1000..2000,1361..1375,stars:1361..1375 fork:false archived:false,499,499,2026-10-07
1000..2000,1376..1407,stars:1376..1407 fork:false archived:false,949,949,2026-10-07
1000..2000,1408..1438,stars:1408..1438 fork:false archived:false,961,961,2026-10-07
1000..2000,1439..1469,stars:1439..1469 fork:false archived:false,868,868,2026-10-07
1000..2000,1470..1500,stars:1470..1500 fork:false archived:false,883,883,2026-10-07
1000..2000,1501..1532,stars:1501..1532 fork:false archived:false,857,857,2026-10-07
1000..2000,1533..1563,stars:1533..1563 fork:false archived:false,799,799,2026-10-07
1000..2000,1564..1594,stars:1564..1594 fork:false archived:false,773,773,2026-10-07
1000..2000,1595..1625,stars:1595..1625 fork:false archived:false,734,734,2026-10-07
1000..2000,1626..1657,stars:1626..1657 fork:false archived:false,683,683,2026-10-07
1000..2000,1658..1688,stars:1658..1688 fork:false archived:false,697,697,2026-10-07
1000..2000,1689..1719,stars:1689..1719 fork:false archived:false,684,684,2026-10-07
1000..2000,1720..1750,stars:1720..1750 fork:false archived:false,612,612,2026-10-07
1000..2000,1751..1782,stars:1751..1782 fork:false archived:false,650,650,2026-10-07
1000..2000,1783..1813,stars:1783..1813 fork:false archived:false,656,656,2026-10-07
1000..2000,1814..1844,stars:1814..1844 fork:false archived:false,581,581,2026-10-07
1000..2000,1845..1875,stars:1845..1875 fork:false archived:false,569,569,2026-10-07
1000..2000,1876..1907,stars:1876..1907 fork:false archived:false,573,573,2026-10-07
1000..2000,1908..1938,stars:1908..1938 fork:false archived:false,500,500,2026-10-07
1000..2000,1939..1969,stars:1939..1969 fork:false archived:false,535,535,2026-10-07
1000..2000,1970..2000,stars:1970..2000 fork:false archived:false,506,506,2026-10-07
2000..5000,2000..2046,stars:2000..2046 fork:false archived:false,703,703,2026-10-07
2000..5000,2047..2093,stars:2047..2093 fork:false archived:false,682,682,2026-10-07
2000..5000,2094..2140,stars:2094..2140 fork:false archived:false,629,629,2026-10-07
2000..5000,2141..2187,stars:2141..2187 fork:false archived:false,645,645,2026-10-07
2000..5000,2188..2234,stars:2188..2234 fork:false archived:false,628,628,2026-10-07
2000..5000,2235..2281,stars:2235..2281 fork:false archived:false,597,597,2026-10-07
2000..5000,2282..2328,stars:2282..2328 fork:false archived:false,530,530,2026-10-07
2000..5000,2329..2375,stars:2329..2375 fork:false archived:false,512,512,2026-10-07
2000..5000,2376..2422,stars:2376..2422 fork:false archived:false,497,497,2026-10-07
2000..5000,2423..2469,stars:2423..2469 fork:false archived:false,533,533,2026-10-07
2000..5000,2470..2563,stars:2470..2563 fork:false archived:false,830,830,2026-10-07
2000..5000,2564..2657,stars:2564..2657 fork:false archived:false,881,881,2026-10-07
2000..5000,2658..2750,stars:2658..2750 fork:false archived:false,802,802,2026-10-07
2000..5000,2751..2844,stars:2751..2844 fork:false archived:false,775,775,2026-10-07
2000..5000,2845..2938,stars:2845..2938 fork:false archived:false,734,734,2026-10-07
2000..5000,2939..3032,stars:2939..3032 fork:false archived:false,683,683,2026-10-07
2000..5000,3033..3125,stars:3033..3125 fork:false archived:false,631,631,2026-10-07
2000..5000,3126..3219,stars:3126..3219 fork:false archived:false,608,608,2026-10-07
2000..5000,3220..3313,stars:3220..3313 fork:false archived:false,535,535,2026-10-07
2000..5000,3314..3407,stars:3314..3407 fork:false archived:false,520,520,2026-10-07
2000..5000,3408..3500,stars:3408..3500 fork:false archived:false,530,530,2026-10-07
2000..5000,3501..3688,stars:3501..3688 fork:false archived:false,957,957,2026-10-07
2000..5000,3689..3875,stars:3689..3875 fork:false archived:false,858,858,2026-10-07
2000..5000,3876..4063,stars:3876..4063 fork:false archived:false,803,803,2026-10-07
2000..5000,4064..4250,stars:4064..4250 fork:false archived:false,701,701,2026-10-07
2000..5000,4251..4438,stars:4251..4438 fork:false archived:false,662,662,2026-10-07
2000..5000,4439..4625,stars:4439..4625 fork:false archived:false,621,621,2026-10-07
2000..5000,4626..4813,stars:4626..4813 fork:false archived:false,528,528,2026-10-07
2000..5000,4814..5000,stars:4814..5000 fork:false archived:false,501,501,2026-10-07
5000..10000,5000..5312,stars:5000..5312 fork:false archived:false,823,823,2026-10-07
5000..10000,5313..5625,stars:5313..5625 fork:false archived:false,652,652,2026-10-07
5000..10000,5626..5938,stars:5626..5938 fork:false archived:false,608,608,2026-10-07
5000..10000,5939..6250,stars:5939..6250 fork:false archived:false,575,575,2026-10-07
5000..10000,6251..6875,stars:6251..6875 fork:false archived:false,940,940,2026-10-07
5000..10000,6876..7500,stars:6876..7500 fork:false archived:false,826,826,2026-10-07
5000..10000,7501..8125,stars:7501..8125 fork:false archived:false,657,657,2026-10-07
5000..10000,8126..8750,stars:8126..8750 fork:false archived:false,547,547,2026-10-07
5000..10000,8751..10000,stars:8751..10000 fork:false archived:false,929,929,2026-10-07
10000..50000,10000..11250,stars:10000..11250 fork:false archived:false,723,723,2026-10-07
10000..50000,11251..12500,stars:11251..12500 fork:false archived:false,533,533,2026-10-07
10000..50000,12501..15000,stars:12501..15000 fork:false archived:false,849,849,2026-10-07
10000..50000,15001..17500,stars:15001..17500 fork:false archived:false,586,586,2026-10-07
10000..50000,17501..20000,stars:17501..20000 fork:false archived:false,420,420,2026-10-07
10000..50000,20001..25000,stars:20001..25000 fork:false archived:false,584,584,2026-10-07
10000..50000,25001..30000,stars:25001..30000 fork:false archived:false,422,422,2026-10-07
10000..50000,30001..50000,stars:30001..50000 fork:false archived:false,705,705,2026-10-07
>=50000,>=50000,stars:>=50000 fork:false archived:false,491,491,2026-10-07
