repositorio,url,estrelas,linguagem,criado_em,contribuidores,branch_padrao,faixa,releases_janela,deploys_por_semana,lead_time_release_horas,lead_time_commit_horas,releases_lead_time,releases_primeira,releases_sem_commits,releases_compare_erro,commits_data_futura,cfr_ci,runs_falha,runs_sucesso,runs_ignorados,recuperacao_horas,episodios_recuperados,episodios_censurados,proporcao_censurados,classe_frequencia,classe_lead_time,classe_cfr,classe_recuperacao,classe_geral
cloudflare/terraform-provider-cloudflare,https://github.com/cloudflare/terraform-provider-cloudflare,1342,Go,2017-06-05T20:54:12+00:00,113,main,1000..2000,22,0.42191780821917807,511.97277777777776,242.45291666666668,16,0,0,6,0,0.09090909090909091,5,50,2,78.10902777777778,2,1,0.3333333333333333,Medium,Medium,Elite,Medium,Medium
aardappel/treesheets,https://github.com/aardappel/treesheets,3152,C++,2013-06-13T17:30:30+00:00,52,master,2000..5000,715,13.712328767123287,0.07333333333333333,0.17305555555555557,711,0,4,0,0,0.04281767955801105,31,693,1,0.4722222222222222,25,0,0.0,Elite,Elite,Elite,Elite,Elite
timothymiller/cloudflare-ddns,https://github.com/timothymiller/cloudflare-ddns,4528,Rust,2019-09-29T19:28:31+00:00,36,master,2000..5000,14,0.2684931506849315,22.549722222222222,27086.12652777778,13,0,1,0,0,0.07692307692307693,6,72,0,0.6980555555555555,2,0,0.0,Medium,Elite,Elite,Elite,Elite
browserbase/stagehand,https://github.com/browserbase/stagehand,25554,TypeScript,2024-03-24T19:19:44+00:00,48,main,10000..50000,51,0.9780821917808219,166.8075,1755.1761111111111,47,0,4,0,0,0.11454849498327759,137,1059,17,14.532916666666667,50,0,0.0,Medium,High,Elite,High,High
protobuf-net/protobuf-net,https://github.com/protobuf-net/protobuf-net,4972,C#,2014-06-16T09:05:30+00:00,108,main,2000..5000,10,0.1917808219178082,59.52444444444444,10.214444444444446,10,0,0,0,0,0.13095238095238096,11,73,0,0.18194444444444444,5,0,0.0,Low,High,Elite,Elite,High
Shelf-nu/shelf.nu,https://github.com/Shelf-nu/shelf.nu,3024,TypeScript,2023-02-10T16:04:12+00:00,54,main,2000..5000,21,0.4027397260273972,574.2908333333334,288.93694444444446,21,0,0,0,0,0.030619865571321882,41,1298,170,5.933333333333334,19,0,0.0,Medium,Medium,Elite,High,Medium
apache/pulsar,https://github.com/apache/pulsar,15344,Java,2016-06-28T07:00:03+00:00,808,master,10000..50000,16,0.3068493150684931,16112.50375,10074.339583333334,16,0,0,0,0,0.051661994393271925,129,2368,571,9.598055555555556,14,0,0.0,Medium,Low,Elite,High,Medium
community-shaders/skyrim-community-shaders,https://github.com/community-shaders/skyrim-community-shaders,1121,C++,2023-02-25T18:57:32+00:00,70,dev,1000..2000,26,0.4986301369863013,130.7838888888889,314.12930555555556,26,0,0,0,0,0.03542673107890499,44,1198,0,0.6930555555555555,5,0,0.0,Medium,High,Elite,Elite,High
HuolalaTech/page-spy-web,https://github.com/HuolalaTech/page-spy-web,5633,TypeScript,2023-04-12T11:00:59+00:00,25,main,5000..10000,7,0.13424657534246576,554.9030555555555,3.7522222222222226,7,0,0,0,0,0.0,0,76,0,,0,0,,Low,Medium,Elite,,Medium
open-multi-agent/open-multi-agent,https://github.com/open-multi-agent/open-multi-agent,6982,TypeScript,2026-03-31T19:07:34+00:00,59,main,5000..10000,27,0.5178082191780822,144.88069444444443,62.167500000000004,26,1,0,0,0,0.014893617021276596,7,463,0,0.7044444444444444,4,0,0.0,Medium,High,Elite,Elite,High
tracewayapp/traceway,https://github.com/tracewayapp/traceway,1599,Go,2025-12-18T03:35:02+00:00,16,main,1000..2000,140,2.6849315068493147,37.47222222222222,12.076666666666666,88,1,51,0,0,0.07197943444730077,28,361,4,4.356944444444444,11,0,0.0,High,High,Elite,High,High
Bitterbot-AI/bitterbot-desktop,https://github.com/Bitterbot-AI/bitterbot-desktop,2464,TypeScript,2026-03-28T15:15:01+00:00,14,main,2000..5000,7,0.13424657534246576,235.69930555555555,649.6606944444445,6,1,0,0,0,0.1853582554517134,119,523,113,1.5991666666666666,47,0,0.0,Low,Medium,High,High,Medium
tddworks/baguette,https://github.com/tddworks/baguette,2169,Swift,2026-05-01T08:14:13+00:00,15,main,2000..5000,48,0.9205479452054794,42.765277777777776,17.885833333333334,47,1,0,0,0,0.05737704918032787,14,230,1,0.44166666666666665,11,0,0.0,Medium,High,Elite,Elite,High
supabase/cli,https://github.com/supabase/cli,2431,TypeScript,2020-11-19T06:46:55+00:00,187,develop,2000..5000,62,1.189041095890411,81.02916666666667,74.55166666666666,62,0,0,0,0,0.08601103537812399,265,2816,102,2.2469444444444444,113,0,0.0,High,High,Elite,High,High
remeda/remeda,https://github.com/remeda/remeda,5439,TypeScript,2018-05-07T08:56:53+00:00,105,main,5000..10000,28,0.536986301369863,23.985833333333332,116.12972222222223,28,0,0,0,0,0.020155038759689922,13,632,2,25.032222222222224,11,0,0.0,Medium,Elite,Elite,Medium,High
wk42worldworld/cybercode,https://github.com/wk42worldworld/cybercode,1031,TypeScript,2026-04-29T15:16:15+00:00,2,main,1000..2000,43,0.8246575342465753,0.3065277777777778,0.4855555555555556,42,1,0,0,0,0.2647058823529412,18,50,1,1175.7931944444445,2,0,0.0,Medium,Elite,High,Low,Medium
fivetran/great_expectations,https://github.com/fivetran/great_expectations,11865,Python,2017-09-11T00:18:46+00:00,506,develop,10000..50000,37,0.7095890410958904,219.69361111111112,98.59805555555556,37,0,0,0,0,0.0,0,324,0,,0,0,,Medium,Medium,Elite,,Medium
OpenBMB/StaffDeck,https://github.com/OpenBMB/StaffDeck,1967,Python,2026-07-13T03:31:47+00:00,21,main,1000..2000,25,0.4794520547945205,25.724444444444444,29.52722222222222,23,1,1,0,0,0.008064516129032258,1,123,0,114.06416666666667,1,0,0.0,Medium,High,Elite,Medium,Medium
rRemix/APlayer,https://github.com/rRemix/APlayer,1839,Kotlin,2016-01-14T13:38:47+00:00,25,compose,1000..2000,14,0.2684931506849315,203.74541666666667,190.64944444444444,14,0,0,0,0,0.04819277108433735,8,158,7,8.262777777777778,4,0,0.0,Medium,Medium,Elite,High,Medium
fynnfluegge/agtx,https://github.com/fynnfluegge/agtx,1704,Rust,2026-02-08T10:24:00+00:00,17,main,1000..2000,27,0.5178082191780822,64.81472222222223,42.084722222222226,26,1,0,0,0,0.008333333333333333,1,119,0,,0,0,,Medium,High,Elite,,High
aseprite/aseprite,https://github.com/aseprite/aseprite,39924,C++,2014-08-19T23:44:50+00:00,158,main,10000..50000,11,0.21095890410958903,2320.448611111111,1175.2670833333334,11,0,0,0,0,0.0,0,207,2,,0,0,,Low,Low,Elite,,Low
laravel/telescope,https://github.com/laravel/telescope,5230,PHP,2018-08-23T14:34:23+00:00,238,5.x,5000..10000,17,0.32602739726027397,337.5258333333333,287.3852777777778,17,0,0,0,0,0.17045454545454544,30,146,0,766.7177777777778,3,1,0.25,Medium,Medium,High,Low,Medium
openlit/openlit,https://github.com/openlit/openlit,2822,TypeScript,2024-01-23T17:40:59+00:00,124,main,2000..5000,85,1.6301369863013697,1.0077777777777779,5.256111111111111,78,0,7,0,0,0.028481012658227847,18,614,2,20.68,6,2,0.25,High,Elite,Elite,High,High
mikeyobrien/ralph-orchestrator,https://github.com/mikeyobrien/ralph-orchestrator,3166,Rust,2025-09-07T18:17:13+00:00,35,main,2000..5000,43,0.8246575342465753,24.06486111111111,6.5351388888888895,42,1,0,0,0,0.12922465208747516,65,438,27,1.9030555555555555,23,1,0.041666666666666664,Medium,High,Elite,High,High
sentry-kubernetes/charts,https://github.com/sentry-kubernetes/charts,1382,Mustache,2020-01-21T22:25:51+00:00,244,develop,1000..2000,57,1.0931506849315067,35.52055555555556,3.361388888888889,56,0,1,0,0,0.010822510822510822,5,457,10,239.10125,2,0,0.0,High,High,Elite,Low,High
IfcOpenShell/IfcOpenShell,https://github.com/IfcOpenShell/IfcOpenShell,2834,C++,2015-08-10T09:03:14+00:00,286,v0.9.0,2000..5000,789,15.131506849315068,1.047361111111111,38.16583333333333,652,0,137,0,0,0.19798657718120805,118,478,2,14.6875,13,0,0.0,Elite,Elite,High,High,High
openmm/openmm,https://github.com/openmm/openmm,1992,C++,2013-05-20T17:42:52+00:00,195,master,1000..2000,6,0.11506849315068493,1732.6875,1825.8216666666667,6,0,0,0,0,0.6371681415929203,72,41,0,148.69833333333332,25,1,0.038461538461538464,Low,Low,Low,Medium,Low
pf4j/pf4j,https://github.com/pf4j/pf4j,2759,Java,2012-10-10T13:10:32+00:00,70,master,2000..5000,5,0.0958904109589041,1000.5705555555555,477.00805555555553,5,0,0,0,0,0.05714285714285714,4,66,0,0.7697222222222222,3,0,0.0,Low,Low,Elite,Elite,Medium
betterleaks/betterleaks,https://github.com/betterleaks/betterleaks,2142,Go,2026-02-03T18:21:41+00:00,32,main,2000..5000,20,0.3835616438356164,188.165,137.1302777777778,19,1,0,0,0,0.0182648401826484,4,215,0,7.573194444444445,4,0,0.0,Medium,Medium,Elite,High,Medium
EmbarkStudios/cargo-deny,https://github.com/EmbarkStudios/cargo-deny,2443,Rust,2019-05-13T07:50:05+00:00,91,main,2000..5000,14,0.2684931506849315,8.904722222222222,0.5225,14,0,0,0,0,0.03896103896103896,3,74,0,21.903055555555557,3,0,0.0,Medium,Elite,Elite,High,High
betaflight/betaflight,https://github.com/betaflight/betaflight,11620,C,2015-06-08T10:37:44+00:00,698,master,10000..50000,9,0.17260273972602738,14563.395,8302.794722222223,9,0,0,0,0,0.016516516516516516,11,655,0,8.607222222222221,6,0,0.0,Low,Low,Elite,High,Medium
proxysoul/Empryo,https://github.com/proxysoul/Empryo,1342,TypeScript,2026-03-01T18:56:54+00:00,17,main,1000..2000,126,2.4164383561643836,0.2633333333333333,1.772361111111111,125,1,0,0,0,0.07083333333333333,68,892,0,0.18333333333333335,38,0,0.0,High,Elite,Elite,Elite,Elite
ignite/cli,https://github.com/ignite/cli,1352,Go,2020-06-23T16:06:46+00:00,163,main,1000..2000,17,0.32602739726027397,457.2608333333333,7194.081944444444,17,0,0,0,0,0.07755102040816327,76,904,23,1.6802777777777778,25,2,0.07407407407407407,Medium,Medium,Elite,High,Medium
Kuberwastaken/claurst,https://github.com/Kuberwastaken/claurst,10312,Rust,2026-03-31T09:23:58+00:00,32,main,10000..50000,10,0.1917808219178082,234.87055555555557,8.262083333333333,9,1,0,0,29,0.092,23,227,44,0.8733333333333333,6,0,0.0,Low,Medium,Elite,Elite,High
streamich/memfs,https://github.com/streamich/memfs,2099,TypeScript,2015-06-15T20:50:40+00:00,77,master,2000..5000,55,1.0547945205479452,5.091944444444445,0.4633333333333333,55,0,0,0,0,0.06167400881057269,14,213,1,0.06416666666666666,7,0,0.0,High,Elite,Elite,Elite,Elite
apache/beam,https://github.com/apache/beam,8679,Java,2016-02-02T08:00:06+00:00,1990,master,5000..10000,8,0.15342465753424656,2812.391527777778,689.4798611111112,8,0,0,0,43,0.0769454038835515,2651,31802,3042,9.119444444444444,1537,17,0.010939510939510939,Low,Low,Elite,High,Medium
react-component/tree,https://github.com/react-component/tree,1273,TypeScript,2015-04-07T08:58:50+00:00,79,master,1000..2000,14,0.2684931506849315,2.3673611111111112,0.9169444444444443,14,0,0,0,0,0.0,0,60,0,,0,0,,Medium,Elite,Elite,,Elite
graph-gophers/graphql-go,https://github.com/graph-gophers/graphql-go,4755,Go,2016-10-18T13:57:24+00:00,101,main,2000..5000,5,0.0958904109589041,1801.7722222222221,382.80069444444445,5,0,0,0,0,0.006802721088435374,1,146,0,1.2019444444444445,1,0,0.0,Low,Low,Elite,High,Medium
dolanmiu/docx,https://github.com/dolanmiu/docx,5942,TypeScript,2016-03-26T23:43:56+00:00,153,master,5000..10000,9,0.17260273972602738,197.08555555555554,44.35875,9,0,0,0,0,0.026717557251908396,21,765,0,0.285,4,0,0.0,Low,Medium,Elite,Elite,High
sveltia/sveltia-cms,https://github.com/sveltia/sveltia-cms,2919,JavaScript,2023-03-06T15:09:55+00:00,34,main,2000..5000,296,5.676712328767123,7.623611111111111,1.350277777777778,296,0,0,0,0,0.04691164972634871,60,1219,0,0.1923611111111111,46,0,0.0,High,Elite,Elite,Elite,Elite
microsoft/qdk,https://github.com/microsoft/qdk,1019,Rust,2023-01-26T20:07:33+00:00,69,main,1000..2000,11,0.21095890410958903,697.6047222222222,313.7947222222222,11,0,0,0,0,0.08366219415943173,106,1161,6,18.99180555555556,68,0,0.0,Low,Medium,Elite,High,Medium
orhun/ratty,https://github.com/orhun/ratty,3263,Rust,2026-04-20T21:22:09+00:00,21,main,2000..5000,6,0.11506849315068493,290.5511111111111,42.714166666666664,5,1,0,0,0,0.05670103092783505,11,183,1,0.38680555555555557,6,0,0.0,Low,Medium,Elite,Elite,High
steipete/RepoBar,https://github.com/steipete/RepoBar,2200,Swift,2025-11-24T06:48:38+00:00,22,main,2000..5000,32,0.6136986301369862,57.996944444444445,9.644444444444446,31,1,0,0,5,0.17777777777777778,120,555,7,0.21777777777777776,43,0,0.0,Medium,High,High,Elite,High
knex/knex,https://github.com/knex/knex,20340,JavaScript,2012-12-29T05:18:25+00:00,622,master,10000..50000,9,0.17260273972602738,60.70027777777778,785.7447222222222,9,0,0,0,2,0.025677603423680456,18,683,2,0.8086111111111111,15,0,0.0,Low,High,Elite,Elite,High
midwayjs/midway,https://github.com/midwayjs/midway,7745,TypeScript,2018-07-12T06:16:16+00:00,181,v4-next,5000..10000,19,0.3643835616438356,279.7344444444444,13635.385138888889,19,0,0,0,0,0.15,105,595,3,6.731388888888889,65,2,0.029850746268656716,Medium,Medium,Elite,High,Medium
Simon-He95/markstream-vue,https://github.com/Simon-He95/markstream-vue,3025,Vue,2025-05-22T08:28:26+00:00,49,main,2000..5000,288,5.523287671232876,4.246388888888889,23.85972222222222,191,1,96,0,1,0.1516992595405354,799,4468,176,0.7280555555555556,249,1,0.004,High,Elite,High,Elite,High
runfinch/finch,https://github.com/runfinch/finch,4069,Go,2022-11-07T08:38:12+00:00,48,main,2000..5000,12,0.23013698630136986,607.6334722222223,307.1613888888889,12,0,0,0,0,0.14553014553014554,70,411,18,94.24972222222222,35,1,0.027777777777777776,Medium,Medium,Elite,Medium,Medium
NVIDIA/garak,https://github.com/NVIDIA/garak,9470,Python,2023-05-10T18:52:16+00:00,138,main,5000..10000,9,0.17260273972602738,3927.3741666666665,630.1711111111111,9,0,0,0,0,0.014072847682119206,17,1191,2,2.4852777777777777,14,0,0.0,Low,Low,Elite,High,Medium
FailproofAI/failproofai,https://github.com/FailproofAI/failproofai,5249,TypeScript,2026-04-06T01:56:39+00:00,15,main,5000..10000,36,0.6904109589041095,41.66722222222222,67.70819444444444,35,1,0,0,0,0.058823529411764705,74,1184,315,0.9722222222222222,19,1,0.05,Medium,High,Elite,Elite,High
sozercan/kaset,https://github.com/sozercan/kaset,2356,Swift,2025-12-19T21:32:25+00:00,48,main,2000..5000,20,0.3835616438356164,217.0936111111111,121.83361111111111,19,1,0,0,0,0.05652173913043478,39,651,64,5.007638888888889,24,0,0.0,Medium,Medium,Elite,High,Medium
violentmonkey/violentmonkey,https://github.com/violentmonkey/violentmonkey,8981,JavaScript,2013-09-03T08:23:19+00:00,87,master,5000..10000,17,0.32602739726027397,214.735,192.5822222222222,17,0,0,0,0,0.01060070671378092,3,280,0,0.45055555555555554,3,0,0.0,Medium,Medium,Elite,Elite,High
ijl/orjson,https://github.com/ijl/orjson,8247,Python,2018-11-21T23:43:14+00:00,24,master,5000..10000,7,0.13424657534246576,2.0069444444444446,1.104861111111111,7,0,0,0,0,0.03007518796992481,4,129,2,1.0769444444444445,3,0,0.0,Low,Elite,Elite,High,High
elvisun/newsjack,https://github.com/elvisun/newsjack,1515,Go,2026-05-19T14:01:25+00:00,2,main,1000..2000,20,0.3835616438356164,11.964166666666667,5.32,19,1,0,0,0,0.016891891891891893,5,291,0,17.34375,2,0,0.0,Medium,Elite,Elite,High,High
openclaw/Peekaboo,https://github.com/openclaw/Peekaboo,5255,Swift,2025-05-22T16:09:06+00:00,46,main,5000..10000,48,0.9205479452054794,66.19208333333333,188.13777777777779,48,0,0,0,0,0.2186335403726708,352,1258,896,3.0433333333333334,34,0,0.0,Medium,High,High,High,High
schollz/croc,https://github.com/schollz/croc,40525,Go,2017-10-17T15:20:18+00:00,166,main,10000..50000,49,0.9397260273972602,18.674444444444443,15.644444444444444,49,0,0,0,0,0.10034602076124567,29,260,9,1.2490277777777778,18,0,0.0,Medium,Elite,Elite,High,High
Brooooooklyn/canvas,https://github.com/Brooooooklyn/canvas,2329,Rust,2020-08-30T03:08:40+00:00,37,main,2000..5000,38,0.7287671232876712,75.50555555555556,36.596111111111114,36,0,2,0,0,0.1625615763546798,33,170,2,1.4905555555555556,19,1,0.05,Medium,High,High,High,High
injaneity/pi-computer-use,https://github.com/injaneity/pi-computer-use,2032,Rust,2026-04-20T10:18:18+00:00,13,main,2000..5000,23,0.44109589041095887,27.822499999999998,8.96,22,1,0,0,1,0.1282051282051282,10,68,9,0.25277777777777777,5,1,0.16666666666666666,Medium,High,Elite,Elite,High
cberner/redb,https://github.com/cberner/redb,4827,Rust,2018-09-23T18:30:14+00:00,44,master,2000..5000,7,0.13424657534246576,574.7983333333333,412.54277777777776,7,0,0,0,0,0.014124293785310734,5,349,1,1.3427777777777778,3,0,0.0,Low,Medium,Elite,High,Medium
snc/SncRedisBundle,https://github.com/snc/SncRedisBundle,1049,PHP,2010-07-08T21:11:04+00:00,157,master,1000..2000,5,0.0958904109589041,0.27305555555555555,1113.3908333333334,5,0,0,0,0,0.41904761904761906,44,61,0,0.17777777777777778,10,0,0.0,Low,Elite,Medium,Elite,High
itchio/itch,https://github.com/itchio/itch,2843,TypeScript,2015-05-07T23:58:36+00:00,480,master,2000..5000,15,0.2876712328767123,185.77277777777778,143.82180555555556,15,0,0,0,1,0.06729475100942127,50,693,0,1.19875,22,0,0.0,Medium,Medium,Elite,High,Medium
charmbracelet/wish,https://github.com/charmbracelet/wish,5542,Go,2019-12-19T00:11:55+00:00,27,main,5000..10000,5,0.0958904109589041,884.1469444444444,2847.920833333333,5,0,0,0,0,0.39473684210526316,30,46,0,0.3358333333333333,5,0,0.0,Low,Low,Medium,Elite,Low
NepipenkoIgor/ngx-mask,https://github.com/NepipenkoIgor/ngx-mask,1242,TypeScript,2016-09-23T20:44:28+00:00,103,develop,1000..2000,17,0.32602739726027397,0.7630555555555556,8164.001388888889,17,0,0,0,0,0.019230769230769232,1,51,0,0.23083333333333333,1,0,0.0,Medium,Elite,Elite,Elite,Elite
ludo-technologies/pyscn,https://github.com/ludo-technologies/pyscn,1090,Go,2025-08-06T14:11:51+00:00,34,main,1000..2000,85,1.6301369863013697,47.42833333333333,30.910555555555554,84,1,0,0,0,0.01160541586073501,6,511,0,66.09847222222223,4,0,0.0,High,High,Elite,Medium,High
stripe/stripe-android,https://github.com/stripe/stripe-android,1543,Kotlin,2012-11-29T18:11:30+00:00,179,master,1000..2000,47,0.9013698630136986,167.94083333333333,104.67361111111111,47,0,0,0,0,0.009051987767584098,74,8101,3,1.198888888888889,35,0,0.0,Medium,High,Elite,High,High
MRPT/mrpt,https://github.com/MRPT/mrpt,2166,C++,2013-10-19T21:09:23+00:00,100,develop,2000..5000,26,0.4986301369863013,110.25416666666666,2979.4870833333334,26,0,0,0,2,0.34645115952213634,493,930,9,11.32986111111111,54,0,0.0,Medium,High,Medium,High,Medium
vicanso/zedis,https://github.com/vicanso/zedis,2133,Rust,2025-11-09T12:21:15+00:00,5,main,2000..5000,41,0.7863013698630137,154.98291666666665,91.645,40,1,0,0,0,0.11237113402061856,109,861,51,1.9479166666666665,50,0,0.0,Medium,High,Elite,High,High
dchapyshev/aspia,https://github.com/dchapyshev/aspia,1939,C++,2016-10-26T16:17:31+00:00,26,master,1000..2000,7,0.13424657534246576,20.746388888888887,2903.458055555556,7,0,0,0,0,0.1624203821656051,102,526,163,1.5931944444444444,54,0,0.0,Low,Elite,High,High,High
agavra/tuicr,https://github.com/agavra/tuicr,3302,Rust,2026-01-08T04:55:34+00:00,124,main,2000..5000,36,0.6904109589041095,89.265,38.060138888888886,35,1,0,0,0,0.042328042328042326,32,724,0,0.5929166666666666,12,0,0.0,Medium,High,Elite,Elite,High
EchoMusicApp/Echo-Music,https://github.com/EchoMusicApp/Echo-Music,1691,Kotlin,2026-08-15T08:00:26+00:00,12,main,1000..2000,11,0.21095890410958903,58.74125,27.32125,10,1,0,0,0,0.1021377672209026,43,378,0,0.4305555555555556,7,0,0.0,Low,High,Elite,Elite,High
Icalingua-plus-plus/Icalingua-plus-plus,https://github.com/Icalingua-plus-plus/Icalingua-plus-plus,3378,TypeScript,2022-02-23T03:42:18+00:00,57,develop,2000..5000,7,0.13424657534246576,553.2636111111111,437.6405555555556,7,0,0,0,0,0.09568733153638814,71,671,8,1.823611111111111,10,0,0.0,Low,Medium,Elite,High,Medium
pionxzh/wakaru,https://github.com/pionxzh/wakaru,1006,Rust,2023-01-28T03:12:28+00:00,13,main,1000..2000,13,0.24931506849315066,399.9172222222222,170.67361111111111,13,0,0,0,0,0.059027777777777776,34,542,4,2.7216666666666667,22,0,0.0,Medium,Medium,Elite,High,Medium
alibaba/spring-ai-alibaba,https://github.com/alibaba/spring-ai-alibaba,10966,Java,2024-09-09T01:35:50+00:00,274,main,10000..50000,7,0.13424657534246576,528.9191666666667,408.32652777777776,7,0,0,0,0,0.04380561259411362,64,1397,1,18.429444444444446,29,0,0.0,Low,Medium,Elite,High,Medium
DuendeSoftware/products,https://github.com/DuendeSoftware/products,1615,C#,2020-10-01T08:46:31+00:00,341,main,1000..2000,47,0.9013698630136986,1910.2641666666666,4994.831111111111,45,0,2,0,0,0.10674157303370786,19,159,0,6.271805555555556,16,0,0.0,Medium,Low,Elite,High,Medium
twigphp/Twig,https://github.com/twigphp/Twig,8370,PHP,2009-10-07T21:23:38+00:00,526,3.x,5000..10000,9,0.17260273972602738,987.3583333333333,10965.540555555555,8,1,0,0,0,0.03614457831325301,18,480,0,22.420833333333334,8,0,0.0,Low,Low,Elite,High,Medium
TracecatHQ/tracecat,https://github.com/TracecatHQ/tracecat,3824,Python,2024-02-27T06:48:32+00:00,49,main,2000..5000,111,2.128767123287671,23.044166666666666,89.86055555555555,111,0,0,0,2,0.04229569557080474,339,7676,35,3.4141666666666666,169,0,0.0,High,Elite,Elite,High,High
google/adk-java,https://github.com/google/adk-java,1745,Java,2025-05-05T17:16:25+00:00,71,main,1000..2000,20,0.3835616438356164,827.838611111111,218.0775,20,0,0,0,0,0.024886877828054297,11,431,0,0.6572222222222222,4,0,0.0,Medium,Low,Elite,Elite,High
TokenRhythm/opensquilla,https://github.com/TokenRhythm/opensquilla,7087,Python,2026-05-06T17:43:05+00:00,62,main,5000..10000,13,0.24931506849315066,252.80569444444444,325.2502777777778,12,1,0,0,0,0.0942507068803016,100,961,89,2.695,43,0,0.0,Medium,Medium,Elite,High,Medium
knadh/oat,https://github.com/knadh/oat,5524,CSS,2026-01-15T05:49:47+00:00,27,master,5000..10000,13,0.24931506849315066,234.15972222222223,85.99166666666666,12,1,0,0,0,0.04697986577181208,7,142,0,2.165,1,0,0.0,Medium,Medium,Elite,High,Medium
stripe/stripe-go,https://github.com/stripe/stripe-go,2640,Go,2014-06-05T23:38:14+00:00,232,master,2000..5000,24,0.4602739726027397,134.79194444444445,28.656111111111112,24,0,0,0,0,0.028169014084507043,4,138,0,72.23166666666667,4,0,0.0,Medium,High,Elite,Medium,Medium
egoist/waku,https://github.com/egoist/waku,1566,Rust,2026-07-31T09:38:33+00:00,16,main,1000..2000,14,0.2684931506849315,26.446666666666665,4.568888888888889,13,1,0,0,0,0.5,61,61,21,27.13888888888889,12,0,0.0,Medium,High,Low,Medium,Medium
spiral/framework,https://github.com/spiral/framework,2068,PHP,2012-02-13T11:44:35+00:00,52,master,2000..5000,7,0.13424657534246576,911.1297222222222,13896.955138888889,7,0,0,0,0,0.28078817733990147,57,146,1,7.082916666666667,10,1,0.09090909090909091,Low,Low,High,High,Medium
AzureAD/microsoft-authentication-library-for-dotnet,https://github.com/AzureAD/microsoft-authentication-library-for-dotnet,1504,C#,2015-10-19T18:53:15+00:00,131,main,1000..2000,23,0.44109589041095887,264.4351388888889,244.24083333333334,22,0,1,0,0,0.4931972789115646,145,149,0,3.546388888888889,1,0,0.0,Medium,Medium,Low,High,Medium
keephq/keep,https://github.com/keephq/keep,12377,Python,2023-02-04T18:43:27+00:00,201,main,10000..50000,15,0.2876712328767123,345.0652777777778,292.4769444444444,15,0,0,0,0,0.24766355140186916,106,322,42,168.86777777777777,23,0,0.0,Medium,Medium,High,Low,Medium
Yazelix/nova,https://github.com/Yazelix/nova,1196,Rust,2024-01-20T21:15:45+00:00,1,main,1000..2000,8,0.15342465753424656,790.3083333333333,343.8852777777778,7,1,0,0,238,0.14007782101167315,216,1326,76,0.46930555555555553,92,0,0.0,Low,Low,Elite,Elite,Medium
nginx/nginx,https://github.com/nginx/nginx,31804,C,2015-06-23T10:26:27+00:00,137,master,10000..50000,23,0.44109589041095887,4374.934444444444,1585.62375,23,0,0,0,0,0.24444444444444444,44,136,6,24.681666666666665,24,0,0.0,Medium,Low,High,Medium,Medium
storybookjs/react-native,https://github.com/storybookjs/react-native,1322,TypeScript,2020-01-22T15:17:28+00:00,1168,next,1000..2000,29,0.5561643835616438,95.52472222222222,52.01263888888889,29,0,0,0,0,0.09895833333333333,38,346,0,0.10097222222222221,12,0,0.0,Medium,High,Elite,Elite,High
shinkuan/Akagi,https://github.com/shinkuan/Akagi,1080,Rust,2024-01-05T11:55:39+00:00,18,v3,1000..2000,37,0.7095890410958904,23.02888888888889,274.63722222222225,37,0,0,0,0,0.011627906976744186,1,85,7,0.42138888888888887,1,0,0.0,Medium,Elite,Elite,Elite,Elite
SimonSchubert/Kai,https://github.com/SimonSchubert/Kai,1273,Kotlin,2024-12-29T15:21:32+00:00,7,main,1000..2000,87,1.6684931506849314,34.571666666666665,6.354444444444445,87,0,0,0,0,0.07034795763993948,93,1229,14,0.49375,68,0,0.0,High,High,Elite,Elite,High
spring-projects/spring-kafka,https://github.com/spring-projects/spring-kafka,2513,Java,2016-03-02T17:01:33+00:00,303,main,2000..5000,16,0.3068493150684931,7725.785277777778,4199.687083333333,16,0,0,0,0,0.15159944367176634,109,610,271,20.08277777777778,48,0,0.0,Medium,Low,High,High,Medium
OpenPipe/ART,https://github.com/OpenPipe/ART,10786,Python,2025-03-10T18:25:47+00:00,27,main,10000..50000,18,0.34520547945205476,250.83777777777777,338.87555555555554,18,0,0,0,0,0.14921780986762936,124,707,63,10.312222222222221,38,1,0.02564102564102564,Medium,Medium,Elite,High,Medium
gerbera/gerbera,https://github.com/gerbera/gerbera,1394,C++,2014-08-09T13:17:53+00:00,118,master,1000..2000,6,0.11506849315068493,1546.9445833333334,809.1948611111111,6,0,0,0,0,0.04051172707889126,76,1800,115,23.10527777777778,13,0,0.0,Low,Low,Elite,High,Medium
whale4113/cloud-document-converter,https://github.com/whale4113/cloud-document-converter,1268,TypeScript,2024-02-02T07:42:36+00:00,10,main,1000..2000,10,0.1917808219178082,201.43027777777777,41.56166666666667,10,0,0,0,0,0.017857142857142856,1,55,0,0.14222222222222222,1,0,0.0,Low,Medium,Elite,Elite,High
run-llama/liteparse,https://github.com/run-llama/liteparse,12795,Rust,2026-02-09T22:16:30+00:00,39,main,10000..50000,199,3.8164383561643835,35.99194444444444,11.430416666666666,71,1,127,0,0,0.03645007923930269,46,1216,3,3.385277777777778,24,0,0.0,High,High,Elite,High,High
ColorlibHQ/AdminLTE,https://github.com/ColorlibHQ/AdminLTE,45640,Astro,2013-12-25T02:52:40+00:00,122,master,10000..50000,23,0.44109589041095887,0.7513888888888889,6.215694444444445,23,0,0,0,0,0.05060728744939271,25,469,1,0.6470833333333333,6,0,0.0,Medium,Elite,Elite,Elite,Elite
toon-format/toon,https://github.com/toon-format/toon,25457,TypeScript,2025-10-22T18:17:32+00:00,48,main,10000..50000,31,0.5945205479452055,36.757222222222225,22.776666666666667,30,1,0,0,0,0.06532663316582915,26,372,9,0.12569444444444444,18,0,0.0,Medium,High,Elite,Elite,High
openclaw/acpx,https://github.com/openclaw/acpx,3318,TypeScript,2026-02-17T19:06:45+00:00,75,main,2000..5000,44,0.8438356164383561,28.27888888888889,12.645277777777778,43,1,0,0,0,0.06476399560922064,59,852,32,1.3902777777777777,21,0,0.0,Medium,High,Elite,High,High
mike-bronner/laravel-model-caching,https://github.com/mike-bronner/laravel-model-caching,2378,PHP,2017-09-17T14:40:24+00:00,63,master,2000..5000,21,0.4027397260273972,1.5808333333333333,2.2325,21,0,0,0,0,0.5086206896551724,59,57,0,12.440972222222221,6,1,0.14285714285714285,Medium,Elite,Low,High,Medium
meshery/meshery,https://github.com/meshery/meshery,11907,TypeScript,2018-11-14T13:41:00+00:00,2224,master,10000..50000,153,2.9342465753424656,120.11833333333334,75.88,152,0,1,0,0,0.14591739417504218,1989,11642,825,2.3341666666666665,393,3,0.007575757575757576,High,High,Elite,High,High
CFPAOrg/Minecraft-Mod-Language-Package,https://github.com/CFPAOrg/Minecraft-Mod-Language-Package,1205,C#,2017-04-12T04:02:40+00:00,922,main,1000..2000,279,5.350684931506849,0.027916666666666666,0.029444444444444443,272,0,7,0,0,0.07042253521126761,20,264,38,0.0763888888888889,12,0,0.0,High,Elite,Elite,Elite,Elite
containerd/runwasi,https://github.com/containerd/runwasi,1339,Rust,2022-01-27T17:34:28+00:00,37,main,1000..2000,6,0.11506849315068493,9306.17888888889,1887.816111111111,1,0,5,0,0,0.05223880597014925,7,127,0,36.85583333333334,6,0,0.0,Low,Low,Elite,Medium,Low
